/*
SQLyog Ultimate v11.27 (32 bit)
MySQL - 5.5.55 : Database - bookinfomanager
*********************************************************************
*/

/*!40101 SET NAMES utf8 */;

/*!40101 SET SQL_MODE=''*/;

/*!40014 SET @OLD_UNIQUE_CHECKS=@@UNIQUE_CHECKS, UNIQUE_CHECKS=0 */;
/*!40014 SET @OLD_FOREIGN_KEY_CHECKS=@@FOREIGN_KEY_CHECKS, FOREIGN_KEY_CHECKS=0 */;
/*!40101 SET @OLD_SQL_MODE=@@SQL_MODE, SQL_MODE='NO_AUTO_VALUE_ON_ZERO' */;
/*!40111 SET @OLD_SQL_NOTES=@@SQL_NOTES, SQL_NOTES=0 */;
CREATE DATABASE /*!32312 IF NOT EXISTS*/`bookinfomanager` /*!40100 DEFAULT CHARACTER SET utf8 */;

USE `bookinfomanager`;

/*Table structure for table `admin` */

DROP TABLE IF EXISTS `admin`;

CREATE TABLE `admin` (
  `id` int(11) NOT NULL AUTO_INCREMENT COMMENT '管理员编号',
  `name` varchar(50) NOT NULL COMMENT '管理员名称',
  `pwd` varchar(50) NOT NULL COMMENT '管理员密码',
  PRIMARY KEY (`id`)
) ENGINE=InnoDB AUTO_INCREMENT=6 DEFAULT CHARSET=utf8;

/*Data for the table `admin` */

insert  into `admin`(`id`,`name`,`pwd`) values (5,'admin','123456');

/*Table structure for table `book` */

DROP TABLE IF EXISTS `book`;

CREATE TABLE `book` (
  `bookId` int(11) NOT NULL AUTO_INCREMENT COMMENT '图书编号',
  `bookName` varchar(100) NOT NULL COMMENT '图书名',
  `bookPrice` double NOT NULL COMMENT '图书价格',
  `bookAuthor` varchar(50) NOT NULL COMMENT '图书作者',
  `bookIssue` varchar(50) NOT NULL COMMENT '出版社',
  `bookDate` date NOT NULL COMMENT '出版日期',
  `typeId` int(11) NOT NULL COMMENT '外键，引用类别表',
  `bookPortrait` varchar(50) NOT NULL COMMENT '图书封面，保存封面地址',
  `inventory` int(11) NOT NULL DEFAULT '0' COMMENT '图书库存',
  `bookLocation` varchar(50) NOT NULL COMMENT '图书位置，根据图书馆的不同而不同,这里暂时不写',
  PRIMARY KEY (`bookId`),
  KEY `book_ibfk_1` (`typeId`),
  CONSTRAINT `book_ibfk_1` FOREIGN KEY (`typeId`) REFERENCES `booktype` (`typeId`)
) ENGINE=InnoDB AUTO_INCREMENT=249 DEFAULT CHARSET=utf8;

/*Data for the table `book` */

insert  into `book`(`bookId`,`bookName`,`bookPrice`,`bookAuthor`,`bookIssue`,`bookDate`,`typeId`,`bookPortrait`,`inventory`,`bookLocation`) values (1,'不一样的卡梅拉手绘本',130,'（法）克利斯提昂 约里波瓦著郑迪蔚译','二十一世纪出版社','2019-06-06',1,'27892970-1_l_3.jpg',1,'暂定'),(2,'卡梅拉上学记',90,'（法）克利斯提昂','二十一世纪出版社','2019-07-00',1,'27898654-1_l_4.jpg',3,'暂定'),(3,'疯狂学校·美国国宝级亲子桥梁书·第一辑',160,'丹·古特曼',':海豚出版社','2019-04-00',1,'27894102-1_l_2.jpg',3,'暂定'),(4,'火的历史',78,'歪歪兔童书馆','海豚出版社','2019-06-00',1,'27854850-1_l_4.jpg',5,'暂定'),(5,'墨多多谜境冒险 阳光版4.法老王之心',20,'雷欧幻像','中国和平出版社','2019-06-00',1,'27892970-1_l_3.jpg',3,'暂定'),(6,'墨多多谜境冒险 阳光版5.消失的医务室',20,'雷欧幻像','中国和平出版社','2019-06-00',1,'27889848-1_l_3.jpg',5,'暂定'),(7,'墨多多谜境冒险 阳光版7.青铜地宫的献礼',20,'雷欧幻像','中国和平出版社','2019-06-00',1,'27889851-1_l_2.jpg',5,'暂定'),(8,'大奖作家诗意成长绘本系列',147,'金波、任溶溶、高洪波','青岛出版社','2019-06-00',1,'27873134-1_l_3.jpg',4,'暂定'),(9,'哎呀，我的牙！',45,'克里斯提安·提尔曼 著，蒂娜·舒尔茨 绘','海豚传媒出品','2019-06-30',1,'27879058-1_l_5.jpg',3,'暂定'),(10,'超级飞侠儿童安全救援故事书. 第1辑',150,'奥飞娱乐','天地出版社','2019-08-00',1,'27880178-1_l_6.jpg',5,'暂定'),(11,'爸爸和我（全5册）',69,'戴比·格里奥利','湖南少儿出版社','2015-09-00',1,'27886184-1_l_2.jpg',5,'暂定'),(12,'森林鱼童书:羊驼拉玛系列',188,'[美]安娜.杜德尼','辽宁少年儿童出版社','2019-07-00',1,'27896585-1_l_1.jpg',4,'暂定'),(13,'怪物大师21：异境的迷梦深渊',22,'雷欧幻像','接力出版社','2019-07-00',1,'27896603-1_l_4.jpg',0,'暂定'),(14,'植物大战僵尸2·恐龙漫画 恐龙与机械怪客',34,'笑江南','中国少年儿童出版社','2019-07-00',1,'27882243-1_l_3.jpg',5,'暂定'),(15,'袁博动物小说拼音版：驯鹿迁徙时',29,'袁博','新世纪出版社','2019-01-00',1,'27889981-1_l_2.jpg',5,'暂定'),(16,'《宝葫芦的秘密》',25,'张天翼','长江少年儿童出版社','2016-04-00',1,'23954160-1_l_6.jpg',5,'暂定'),(17,'周国平少年哲学智慧书（套装5册）',159,'周国平','湖南少年儿童出版社','2019-06-06',1,'27887477-1_l_3.jpg',5,'暂定'),(18,'中国幼儿启蒙认知小词典',256,'海豚传媒','长江少年儿童出版社','2019-05-00',1,'27868838-1_l_6.jpg',5,'暂定'),(19,'盖伊天马行空诗歌故事集（全8册）',188,'托尼·米顿；盖伊·帕克-里斯','阳光出版社','2019-06-00',1,'27876974-1_l_3.jpg',5,'暂定'),(20,'森林鱼童书：神奇的旅程',39,'[美]劳拉.布什 [美]詹娜.布什.哈格 [美]杰奎琳.罗杰斯','甘肃少年儿童出版社','2019-06-00',1,'27886349-1_l_5.jpg',5,'暂定'),(21,'红星照耀中国（青少版）',33,'埃德加·斯诺 著；董乐山 译','人民文学出版社','2017-06-00',2,'25100818-1_l_3.jpg',5,'暂定'),(22,'假如给我三天光明',14,'(美) 海伦 凯勒','商务印书馆','2012-07-00',2,'22800646-1_l_30.jpg',5,'暂定'),(23,'乌丢丢的奇遇',18,'金波','北京教育出版社','2019-07-00',2,'25257593-1_l_8.jpg',4,'暂定'),(24,'数学原来可以这样学',32.8,'野口哲典','湖南人民出版社','2014-06-00',2,'23472978-1_l_2.jpg',5,'暂定'),(25,'小学生必背古诗词75+80首',28,'说词解字辞书研究中心',':华语教学出版社','2014-02-00',2,'23435948-1_l_11.jpg',5,'暂定'),(26,'孙子兵法·三十六计',25,'〔春秋〕孙武 等著 富强 改编','浙江工商大学出版社','2017-08-00',2,'25126133-1_l_3.jpg',5,'暂定'),(28,'笠翁对韵 中华经典儿童启蒙',18,'(清) 李渔 著，高高国际 出品','中国文史出版社','2015-01-00',2,'23630257-1_l_15.jpg',5,'暂定'),(29,'四大名著全套 锁线精装',119.2,'焦庆锋','郑州大学出版社','2016-02-00',2,'25097851-1_l_9.jpg',5,'暂定'),(30,'长征 修订版（全2册）',72,'王树增','人民文学出版社','2017-11-00',2,'25190819-1_l_3.jpg',5,'暂定'),(31,'中华上下五千年',15.8,'邵珠磊编写，童趣出版有限公司编','人民邮电出版社','2014-01-00',2,'23197946-1_l_3.jpg',5,'暂定'),(32,'莫言给孩子的八堂文学课',36,'莫言','浙江文艺出版社','2018-11-00',2,'25574303-1_l_5.jpg',5,'暂定'),(33,'百万英镑 新版',24.8,'（美）马克 吐温','商务印书馆','2017-05-00',2,'25100185-1_l_3.jpg',5,'暂定'),(34,'课内海量阅读丛书—学拼音儿歌77首',25,'韩兴娥，玄老汉 著','辽宁少年儿童出版社','2017-09-00',2,'25159277-1_l_3.jpg',5,'暂定'),(35,'茶馆（精装）',29.8,'老舍','湖南文艺出版社','2017-05-00',2,'25074766-1_l_6.jpg',5,'暂定'),(36,'雷雨 黑皮阅读',22,'曹禺 ','陕西师范大学出版社','2010-04-00',2,'20796133-1_l_8.jpg',5,'暂定'),(37,'爱的教育',20,'（意）亚米契斯（Amicis E D） 著，夏丏尊　译','安徽教育出版社','2015-01-00',2,'23643237-1_l_4.jpg',5,'暂定'),(38,'居里夫人传',29.8,'（法）玛丽.居里','北京教育出版社','2018-06-00',2,'25333811-1_l_2.jpg',5,'暂定'),(39,'海底两万里',19,'儒勒·加布里埃尔·凡尔纳','山东教育出版社','2015-09-00',2,'23775463-1_l_1.jpg',5,'暂定'),(40,'寂静的春天 ',24,'蕾切尔·卡逊','长江文艺出版社','2017-07-00',2,'25111168-1_l_6.jpg',5,'暂定'),(41,'小孩',39.6,'大冰 著,博集天卷','湖南文艺出版社','2019-07-00',3,'27878722-1_l_12.jpg',5,'暂定'),(42,'了不起的盖茨比（精装）',40,'[美国](美) F.S.菲兹杰拉德著；张炽恒译','时代文艺出版社','2019-07-00',3,'27891166-1_l_2.jpg',5,'暂定'),(43,'老人与海（精装)',25,'(美)海明威著；张炽恒译','时代文艺出版社','2019-07-00',3,'27891167-1_l_3.jpg',5,'暂定'),(44,'北京女子图鉴',45,'王欣 反裤衩阵地','北京联合出版有限公司','2019-07-00',3,'27892021-1_l_3.jpg',5,'暂定'),(45,'那年，我拔自己成刀',45,'房昊','时代文艺出版社','2019-07-00',3,'27889846-1_l_4.jpg',5,'暂定'),(46,'东野圭吾：超杀人事件',49.5,'（日）东野圭吾 著 ,新经典','人民文学出版社','2019-07-00',3,'27889273-1_l_1.jpg',5,'暂定'),(47,'夜莺与玫瑰',68,'[英]奥斯卡·王尔德 著，大星文化 出品，朱纯深 译','中信出版社','2017-06-00',3,'27870101-1_l_2.jpg',5,'暂定'),(48,'冬将军来的夏天',45,'甘耀明','贵州人民出版社','2019-06-00',3,'27877483-1_l_3.jpg',5,'暂定'),(49,'金陵十三钗',48,'严歌苓','四川文艺出版社','2019-06-00',3,'27883586-1_l_2.jpg',5,'暂定'),(50,'后来我学会了爱自己',48,'张小娴 著,博集天卷','湖南文艺出版社','2018-12-00',3,'25860163-1_l_7.jpg',5,'暂定'),(51,'我生命的第一天',42,'[意] 保罗·杰诺维塞 著，凤凰联动','江苏凤凰文艺出版社','2019-07-00',3,'27885732-1_l_8.jpg',5,'暂定'),(52,'阴阳师全新系列合集（共3册）',147,'（日）梦枕貘 著， 新经典 ','南海出版公司','2019-06-00',3,'27881829-1_l_3.jpg',5,'暂定'),(53,'张爱玲全集06：流言',45,'张爱玲 ','北京十月文艺出版社','2019-05-00',3,'27883563-1_l_3.jpg',5,'暂定'),(54,'怪谈百物语.事始',45,'（日）宫部美雪 著； 高詹?N 译','中国友谊出版公司','2018-06-00',3,'27883588-1_l_3.jpg',5,'暂定'),(55,'检察方的罪人 ',48,'[日]雫井脩介','四川文艺出版社','2019-06-00',3,'27883589-1_l_1.jpg',4,'暂定'),(56,'高阳：李娃',42,'高阳','河南文艺出版社','2019-07-00',3,'27886194-1_l_2.jpg',5,'暂定'),(57,'回不去的旅人',45,'[美]杰西·鲍尔 著 任秋红 ','江苏凤凰文艺出版社','2019-07-00',3,'27886998-1_l_4.jpg',5,'暂定'),(58,'八山（软精装）',49,'[意]保罗·科涅蒂 著，沈萼梅 译','人民文学出版社','2019-05-00',3,'27887372-1_l_2.jpg',5,'暂定'),(59,'追球',39.8,'风弄','湖南文艺出版社','2019-06-00',3,'27890070-1_l_2.jpg',4,'暂定'),(60,'焦渴',49,'[挪威] 尤?奈斯博 著,博集天卷 ','湖南文艺出版社','2019-06-00',3,'27872683-1_l_2.jpg',5,'暂定'),(61,'陶渊明集',69,'[东晋]陶渊明 著，大星文化 出品，郭平 译','上海文艺出版社','2019-05-00',4,'27886200-1_l_3.jpg',4,'暂定'),(62,'小人物：我和父亲乔布斯',68,'〔美〕丽莎·布伦南·乔布斯','北京联合出版有限公司','2019-06-00',4,'27880417-1_l_3.jpg',5,'暂定'),(63,'我和连岳一起成长 ',48,'连岳 著 ， 新经典 出品','四川文艺出版社','2019-04-00',4,'27879234-1_l_4.jpg',5,'暂定'),(64,'胡适19堂文学课',45,'胡适 著，大星文化 ','浙江文艺出版社','2019-06-00',4,'27880023-1_l_1.jpg',5,'暂定'),(65,'胡适忍不住的新努力',39,'胡适 著，大星文化 出品','浙江文艺出版社','2019-06-00',4,'27880025-1_l_3.jpg',5,'暂定'),(66,'胡适四十自述',32,'胡适 著，大星文化 出品','浙江文艺出版社','2019-06-00',4,'27880031-1_l_4.jpg',5,'暂定'),(67,'是枝裕和：再次从这里开始 ',49,'[日]是枝裕和 作品； 匡匡 译','东方出版中心','2019-06-00',4,'27882612-1_l_2.jpg',5,'暂定'),(68,'何以滋养灵魂',39,'周国平 著， 新经典 出品','北京十月文艺出版社','2019-06-00',4,'27890780-1_l_2.jpg',5,'暂定'),(69,'盛开于繁花的季节',45,'林清玄','浙江文艺出版社','2019-03-00',4,'26923693-1_l_4.jpg',4,'暂定'),(70,'漫步在青春的河畔',45,'林清玄 著,博集天卷','浙江文艺出版社','2019-03-00',4,'26923695-1_l_5.jpg',5,'暂定'),(71,'亲爱的安吉维拉（精装）',42,'【尼日利亚】奇玛曼达·恩戈兹·阿迪契 著，陶立夏 译','人民文学出版社','2019-06-00',4,'27872569-1_l_2.jpg',5,'暂定'),(72,'原来我们是神仙 ',42,'赵文竹','贵州人民出版社','2019-06-00',4,'27884645-1_l_4.jpg',5,'暂定'),(73,'黑泽明的罗生门（精装）',39.6,'[美]保罗·安德利尔 著，蔡博 译','人民文学出版社','2019-06-00',4,'27887385-1_l_2.jpg',5,'暂定'),(74,'我用古典的方式爱过你',59.8,'（美）艾米莉·狄金森 著（美）托马斯·约翰逊 编 赖杰威、董恒秀','长江文艺出版社','2019-06-00',4,'27889306-1_l_3.jpg',5,'暂定'),(75,'从鸭绿江到奇穷河',45,'孔繁根','陕西人民出版社','2019-06-00',4,'27895137-1_l_2.jpg',5,'暂定'),(76,'我和连岳一起成长',48,'连岳','四川文艺','2019-04-00',4,'27881015-1_l_4.jpg',5,'暂定'),(77,'三匹马',45,'莫言','浙江文艺出版社','2019-04-00',4,'27881240-1_l_6.jpg',5,'暂定'),(78,'秋水',48,'莫言','湖南文艺出版社','2019-04-00',4,'27881241-1_l_6.jpg',5,'暂定'),(79,'儿子的敌人',42,'儿子的敌人','浙江文艺出版社','2019-04-00',4,'27881243-1_l_5.jpg',5,'暂定'),(80,'山冈',39,'[法]让·吉奥诺 著，罗国林 译','人民文学出版社','2019-04-00',4,'27887389-1_l_2.jpg',5,'暂定'),(81,'任正非传（精装新版）',68,'孙力科','浙江人民出版社','2019-06-00',5,'27888765-1_l_3.jpg',5,'暂定'),(82,'人生的每一段路，都是一种领悟',39,'冯远臣','现代出版社出','2019-07-00',5,'27893512-1_l_3.jpg',5,'暂定'),(83,'蒂姆·库克传',69,'[美] 利恩德·卡尼（Leander Kahney）','中信出版社','2019-06-00',5,'27883673-1_l_6.jpg',5,'暂定'),(84,'人类群星闪耀时',49,'斯蒂芬·茨威格，译者：姜乙， 果麦文化 出品','上海文艺出版社','2019-07-00',5,'27892638-1_l_1.jpg',5,'暂定'),(85,'我允许你，在我心上行走：全世界最美的情书（修订珍藏版）',69,'张进步 程碧/主编 早藻/译','北方文艺出版社','2019-06-00',5,'27883500-1_l_6.jpg',5,'暂定'),(86,'汉武帝大传',39.8,'何新','华东师范大学出版社','2019-05-00',5,'27883805-1_l_2.jpg',5,'暂定'),(87,'告诉你一个真实的路遥',58,'海波','广东人民出版社','2019-07-00',5,'27885557-1_l_2.jpg',5,'暂定'),(88,'少年陈景润 ',48,'宋凌、陈忠坤','北京联合出版有限公司','2019-07-00',5,'27889242-1_l_2.jpg',5,'暂定'),(89,'别逗了，费曼先生',68,'【美】理查德·费曼 【美】 拉尔夫·莱顿','湖南科技出版社','2017-04-00',5,'27894976-1_l_1.jpg',5,'暂定'),(90,'倾世之才，倾城之恋：张爱玲传 ',42,'张其姝 著,博集天卷 出品','民主与建设出版社','2019-07-00',5,'27863249-1_l_6.jpg',5,'暂定'),(91,'拣尽寒枝不肯栖：苏东坡传',48,'凉月满天','辽宁人民出版社','2019-07-00',5,'27882527-1_l_3.jpg',5,'暂定'),(92,'曾国藩家书',88,'[清]曾国藩著 记忆坊出品 有容书邦发行','北方文艺出版社','2019-06-00',5,'27886354-1_l_1.jpg',5,'暂定'),(93,'翰墨风骨郑板桥 ',88,'荣宏君 微言文化出品 有容书邦发行','百花文艺出版社','2019-07-00',5,'27898523-1_l_2.jpg',5,'暂定'),(94,'名人传 ',39.8,'[法]罗曼·罗兰 著，傅雷 译，酷威文化 出品','四川文艺出版社','2019-07-00',5,'27898780-1_l_1.jpg',5,'暂定'),(95,'金粉世家 精装文库',138,'张进步 程碧/主编 早藻/译','北方文艺出版社','2019-06-00',5,'27890700-1_l_2.jpg',5,'暂定'),(96,'天才怪人：本尼迪克特·康伯巴奇传',159.8,'[英]贾斯汀·刘易斯','金城出版社','2019-06-00',5,'27890875-1_l_3.jpg',5,'暂定'),(97,'狄仁杰传',65,'杜文玉','商务印书馆','2019-06-00',5,'27899196-1_l_3.jpg',5,'暂定'),(98,'苏轼传',59,'王水照 崔铭','人民文学出版社','2019-09-00',5,'27890471-1_l_3.jpg',5,'暂定'),(99,'李白传',40,'安旗','人民文学出版社','2019-07-00',5,'27890472-1_l_2.jpg',5,'暂定'),(100,'杜甫传',35,'冯至','人民文学出版社','2019-07-00',5,'27890482-1_l_2.jpg',5,'暂定'),(101,'生活需要孤独感',42,'李思圆 著 时代华语 出品','浙江人民出版社','2019-06-00',6,'27882865-1_l_7.jpg',5,'暂定'),(102,'你的善良必须有点锋芒2',39.8,'慕颜歌 著 时代华语 出品','中国友谊出版公司','2019-07-00',6,'27884655-1_l_5.jpg',5,'暂定'),(103,'表达力 ',4908,'贺嘉','文化发展出版社','2019-06-00',6,'27877373-1_l_6.jpg',5,'暂定'),(104,'在亲密关系中成长',45,'[美]卡洛琳·戴奇;[美]丽萨·罗伯邦 著，李楠 译，斯坦威 出品','中国友谊出版公司','2019-07-00',6,'27896164-1_l_3.jpg',5,'暂定'),(105,'与内心的冲突和解',45,'[日]加藤谛三 著，赵净净 译，斯坦威 出品','中国友谊出版公司','2019-07-00',6,'27896168-1_l_1.jpg',5,'暂定'),(106,'决定上限的，是你处理情绪的能力',45,'[美] 斯蒂芬·克利福德 著， 宋云涛 译，斯坦威 出品','北京联合出版有限公司','2019-07-00',6,'27896177-1_l_2.jpg',4,'暂定'),(107,'从受欢迎到被需要',49.8,'张萌','文化发展出版社','2019-07-00',6,'27898045-1_l_3.jpg',5,'暂定'),(108,'唯有猫能治愈我',49.8,'（美）杰克森·盖勒克西 著，开森心理 出品','成都时代出版社','2019-06-00',6,'27880584-1_l_3.jpg',5,'暂定'),(109,'她力量：女人的生命启动书',49,'(美) 塔拉?莫尔 著 慢半拍 出品','北京联合出版有限公司','2017-06-00',6,'27885212-1_l_3.jpg',5,'暂定'),(110,'成熟',45,'陶瓷兔子，宏泰恒信','北京联合出版有限公司','2019-06-00',6,'27886199-1_l_8.jpg',5,'暂定'),(111,'内容营销',69.8,'（英) 索尼娅·杰斐逊, 莎伦·坦顿','企业管理出版社','2019-06-00',7,'27898044-1_l_2.jpg',5,'暂定'),(112,'华为精神 ',45,'黄继伟','中国友谊出版公司','2019-07-00',7,'27887695-1_l_1.jpg',5,'暂定'),(113,'金字塔原理大全集',176,'芭芭拉 · 明托 著 ， 新经典','南海出版公司','2019-07-00',7,'27891506-1_l_2.jpg',5,'暂定'),(114,'掌控习惯',56,'【美】詹姆斯·克利尔（James Clear）著 迩东晨 译','北京联合出版有限公司','2019-07-00',7,'27885398-1_l_5.jpg',5,'暂定'),(115,'团队赋能',55,'【美】莉兹·怀斯曼（Liz Wiseman） 著 潘婧 译 时代华语 出品','中国友谊出版公司','2019-06-00',7,'27882711-1_l_2.jpg',5,'暂定'),(116,'金字塔原理实战篇',88,'芭芭拉 · 明托 著， 新经典 出品','南海出版公司','2019-06-00',7,'27883562-1_l_3.jpg',5,'暂定'),(117,'领导力行为学',59,'[英]尼古劳斯·迪米特里亚迪斯；[英] 亚历山德罗斯·萨艾考杰斯 著，陶尚芸 译，斯坦威 出品','北京联合出版有限公司','2019-07-00',7,'27891229-1_l_2.jpg',5,'暂定'),(118,'管理是个技术活',52,'[美]芭芭拉·米切尔 [美]科妮莉亚·甘伦 著，胡晓红 张翔 译，斯坦威 出品','北京联合出版有限公司','2019-07-00',7,'27895075-1_l_2.jpg',5,'暂定'),(119,'全优绩效',49.8,'李太林 著，斯坦威 出品','中国友谊出版公司','2019-07-00',7,'27895076-1_l_3.jpg',5,'暂定'),(120,'共情营销',45,'(美)克莱尔.布鲁克斯著;肖文键译','天津科学技术出版社','2019-05-00',7,'27884982-1_l_2.jpg',5,'暂定'),(121,'崇祯皇帝',139,'姚雪垠','华文出版社','2019-07-00',8,'27896349-1_l_5.jpg',5,'暂定'),(122,'汴京之围',78,'郭建龙','天地出版社','2019-07-00',8,'27899543-1_l_2.jpg',5,'暂定'),(123,'浮想录',45,'陈旭麓','上海教育出版社','2019-07-00',8,'27878897-1_l_6.jpg',5,'暂定'),(124,'至高权力',108,'[美] 杰夫 · 谢索 著 ， 新经典 出品','文汇出版社','2019-05-00',8,'27895264-1_l_3.jpg',5,'暂定'),(125,'DK科学历史百科全书',258,'英国DK公司','中国大百科全书出版社','2019-01-00',8,'27892079-1_l_2.jpg',5,'暂定'),(126,'以上帝和恺撒之名',128,'[英}理查德·巴塞特','天地出版社','2019-06-00',8,'27871433-1_l_3.jpg',4,'暂定'),(127,'亲历滇缅公路',152,'[英] 内维尔·布拉德利 [美]蒋彝 等 著， 庄驰原 邓丽蓉 等 译','天地出版社','2019-07-00',8,'27857749-1_l_3.jpg',5,'暂定'),(128,'中国通典',168,'[法]格鲁贤','大象出版社','2019-02-00',8,'27872379-1_l_2.jpg',5,'暂定'),(129,'甲骨文丛书·印象巴黎',96,'罗斯·金（Ross King） 著，冯璇 译','社会科学文献出版社','2019-06-00',8,'27877269-1_l_2.jpg',5,'暂定'),(130,'甲骨文丛书·以色列总理私人史',138,'耶胡达·阿夫纳（Yehuda Avner） 著，马娟娟 译','社会科学文献出版社','2019-06-00',8,'27877270-1_l_2.jpg',5,'暂定'),(131,'向红丁糖尿病饮食升级版',48,'向红丁','中国轻工业出版社','2018-11-00',9,'25578903-1_l_2.jpg',5,'暂定'),(132,'脾虚的孩子不长个、胃口差、爱感冒',49.9,'罗大伦 著 ，紫图 出品','华文出版社','2018-04-00',9,'25245681-1_l_3.jpg',5,'暂定'),(133,'吃到自然瘦',55,'邱锦伶 著,博集天卷 出品','湖南科技出版社','2018-03-00',9,'25230442-1_l_3.jpg',5,'暂定'),(134,'糖尿病家庭医学全书 ',48,'梁晓春，吴群励，屈岭','北京出版社','2015-10-00',9,'23811254-1_l_1.jpg',5,'暂定'),(135,'图解远离疾病的营养学',68,'(日)白鸟早奈英','化学工业出版社','2018-05-00',9,'25295434-1_l_4.jpg',5,'暂定'),(136,'人体经络穴位使用图册 ',19.8,'徐平','化学工业出版社','2011-04-00',9,'21073274-1_l_8.jpg',5,'暂定'),(137,'单桂敏灸除百病',39.9,'单桂敏','华文出版社','2013-12-00',9,'23381443-1_l_4.jpg',5,'暂定'),(138,'说医不二',39.9,'懒兔子','北京联合出版公司','2016-05-00',9,'23966161-1_l_20.jpg',5,'暂定'),(139,'你是你吃出来的',49.8,'夏萌 著，磨铁图书','江西科学技术出版社','2017-09-00',9,'25171859-1_l_6.jpg',5,'暂定'),(140,'你的身体，是一切美好的开始',88,'〔美〕卡梅隆˙迪亚茨 桑德拉˙巴克','北京联合出版公司','2016-05-00',9,'23939829-1_l_16.jpg',5,'暂定'),(141,'十天搞定考研词汇',38,'王江涛 刘文涛','浙江教育出版社','2019-01-00',10,'26438928-1_l_2.jpg',5,'暂定'),(142,'考研英语词汇识记与应用大全',68,'朱伟，唐迟','群言出版社','2019-01-00',10,'26476227-1_l_3.jpg',5,'暂定'),(143,'历年考研英语真题解析及复习思路',89.8,'曾鸣 张剑','世界图书出版公司','2019-01-00',10,'26490464-1_l_3.jpg',5,'暂定'),(144,'考研英语高分写作 ',58,'王江涛','群言出版社','2019-02-00',10,'26512792-1_l_2.jpg',5,'暂定'),(145,'张宇考研数学题源探析经典1000题（数学一）',66.8,'张宇','北京理工大学出版社','2019-03-00',10,'26514092-1_l_3.jpg',5,'暂定'),(146,'张宇考研数学题源探析经典1000题（数学二）',59.8,'张宇','北京理工大学出版社','2019-03-00',10,'26514093-1_l_4.jpg',5,'暂定'),(147,'历年考研英语真题解析及复习思路 基础试卷版',119.8,'曾鸣 张剑 刘京霄','世界图书出版公司','2018-08-00',10,'25320114-1_l_3.jpg',5,'暂定'),(148,'2020考研英语长难句解密',38,'何凯文','原子能出版社','2018-05-00',10,'25269120-1_l_3.jpg',5,'暂定'),(149,'恋练有词：考研英语词组恋练不忘',60,'朱伟 李玉技','群言出版社','2019-03-00',10,'26918303-1_l_2.jpg',5,'暂定'),(150,'2020线性代数辅导讲义',49.8,'李永乐','西安交通大学出版社','2018-12-00',10,'26438854-1_l_2.jpg',5,'暂定'),(171,'自学是门手艺',99,'李笑来','电子工业出版社','2019-06-00',11,'27885543-1_l_4.jpg',5,'暂定'),(172,'谁说菜鸟不会数据分析（入门篇）（第4版）',69,'张文霖','电子工业出版社','2019-06-00',11,'27885545-1_l_4.jpg',5,'暂定'),(173,'谁说菜鸟不会数据分析（Python篇）',69,'方小敏 张文霖','电子工业出版社','2019-06-00',11,'27885544-1_l_2.jpg',5,'暂定'),(174,'为什么',69,'【美】朱迪亚·珀尔，【美】达纳.麦肯齐','中信出版社','2019-07-00',11,'27890880-1_l_3.jpg',5,'暂定'),(175,'浪潮之巅 第四版 ',139,'吴军','人民邮电出版社','2019-07-00',11,'27882123-1_l_5.jpg',5,'暂定'),(176,'未来终章',158,'王铭琬','北京时代华文书局','2019-06-00',11,'27891150-1_l_2.jpg',5,'暂定'),(177,'中文版3ds Max 2018从入门到精通（微课视频 全彩版）',128,'唯美世界','水利水电出版社','2019-07-00',11,'27896107-1_l_2.jpg',5,'暂定'),(178,'狼书（卷1）：更了不起的Node.js',79,'狼叔','电子工业出版社','2019-07-00',11,'27880000-1_l_3.jpg',5,'暂定'),(179,'Head First敏捷开发',98,'[美]Andrew Stellman，[美]Jennifer Greene','中国电力出版社','2019-06-00',11,'27885460-1_l_3.jpg',5,'暂定'),(180,'游戏改变未来教育 ',58,'腾云智库，译言，木果','华中科技大学出版社','2019-07-00',11,'27888706-1_l_2.jpg',5,'暂定'),(181,'我和这个世界不熟',46.5,'城迟','新星出版社','2019-07-01',12,'1901134019_ii_cover.jpg',5,'暂定'),(182,'长安十二时辰(上下册)',54.9,'马伯庸','湖南文艺出版社','2016-11-01',12,'1900709401_ii_cover.jpg',5,'暂定'),(183,'人生海海',52.2,'麦家','北京出版集团北京十月文艺出版社','2019-04-01',12,'1901119079_ii_cover.jpg',5,'暂定'),(184,'不疲惫的精力管理术：40岁，你的人生才刚刚开始',46.5,'（日）葛西纪明','人民邮电出版社','2019-06-01',12,'1901129301_ii_cover.jpg',5,'暂定'),(185,'战时灯火',66.4,'（加拿大）迈克尔·翁达杰著,吴刚译','上海文艺出版社','2019-06-16',12,'1901132988_ii_cover.jpg',5,'暂定'),(186,'借钱：利息、债务和资本的故事',149.4,'（美）查尔斯·R.盖斯特','北京联合出版公司','2019-06-01',12,'1901129838_ii_cover.jpg',5,'暂定'),(187,'掌控习惯',53.1,'（美）詹姆斯·克利尔（James Clear）著 迩东晨 译','北京联合出版公司','2019-07-01',12,'1901134143_ii_cover.jpg',5,'暂定'),(188,'品牌人格：从一见倾心到极致信仰',74.9,'史芸赫','机械工业出版社','2019-04-01',12,'1901130119_ii_cover.jpg',5,'暂定'),(189,'念楼学短',255.5,'锺叔河','湖南美术出版社','2019-04-10',12,'1901121778_ii_cover.jpg',5,'暂定'),(190,'慢慢变富',51.8,'张居营','中信出版集团股份有限公司','2019-05-01',12,'1901129816_ii_cover.jpg',5,'暂定'),(191,'深入理解Java虚拟机：JVM高级特性与最佳实践（第2版）',79,'周志明','机械工业出版社','2013-06-00',13,'23259731-1_b_0.jpg',5,'暂定'),(192,'Java从入门到精通（第5版）',69.8,'明日科技','清华大学出版社','2019-03-00',13,'26912981-1_b_4.jpg',5,'暂定'),(193,'Java核心技术 卷I：基础知识',119,'（美）凯 S.霍斯特曼（Cay S. Horstmann）','机械工业出版社','2016-09-00',13,'24035306-1_b_6.jpg',5,'暂定'),(194,'Head First Java（中文版）',79,'（美）塞若（Sierra，K.），（美）贝茨（Bates，B.） ','中国电力出版社','2017-02-00',13,'9265169-1_b_5.jpg',5,'暂定'),(195,'Java核心技术卷II：高级特性（原书第10版）',139,'[美] 凯 S. 霍斯特曼（Cay S. Horstmann）','机械工业出版社','2017-09-00',13,'25171892-1_b_2.jpg',5,'暂定'),(196,'数据结构与算法分析：Java语言描述',69,'[美]马克·艾伦·维斯','机械工业出版社','2016-03-00',13,'23918741-1_b_2.jpg',5,'暂定'),(197,'Java并发编程实战',69,'（美）盖茨','机械工业出版社','2012-02-00',13,'22606835-1_b_1.jpg',5,'暂定'),(198,'JavaEE开发的颠覆者: Spring Boot实战',89,'汪云飞 编著','电子工业出版社','2016-03-00',13,'23926195-1_b_11.jpg',5,'暂定'),(199,'码出高效：Java开发手册',99,'杨冠宝','电子工业出版社','2018-09-00',13,'25346848-1_b_8.jpg',5,'暂定'),(200,' Java并发编程的艺术',59,'方腾飞，魏鹏，程晓明','机械工业出版社','2015-07-00',13,'23745571-1_b_1.jpg',5,'暂定'),(201,'墨菲定律',32.8,'张文成 著，文通天下 出品','古吴轩出版社','2017-08-00',14,'25142121-1_b_2.jpg',5,'暂定'),(202,'天才在左 疯子在右',49.8,'高铭 著，磨铁图书 出品','北京联合出版有限公司','2018-05-00',14,'25285092-1_b_4.jpg',5,'暂定'),(203,'乌合之众 : 大众心理研究',26,'(法) 古斯塔夫·勒庞 著，马晓佳 译','民主与建设出版社','2018-04-00',14,'25246609-1_b_1.jpg',5,'暂定'),(204,'自控力',45,'（美）凯利?麦格尼格尔 著，磨铁图书 出品','文化发展出版社','2017-10-00',14,'25174289-1_b_4.jpg',5,'暂定'),(205,'终身成长：重新定义成功的思维模式',49.8,'[美]卡罗尔·德韦克（Carol Dweck) ， 译者：楚祎楠 后浪','江西人民出版社','2017-11-00',14,'25166912-1_b_6.jpg',5,'暂定'),(206,'原生家庭:如何修补自己的性格缺陷',58,'（美）苏珊·福沃德博士 克雷格·巴克/著，阳光博客出品','北京时代华文书局','2018-06-00',14,'25287231-1_b_3.jpg',5,'暂定'),(207,'社会心理学（第11版）',128,'（美） 戴维·迈尔斯（David Myers）著，侯玉波，乐国安，张智勇 等译','人民邮电出版社','2016-01-00',14,'23840740-1_b_2.jpg',5,'暂定'),(208,'见识城邦·见识丛书25：自私的基因',68,'［英］理查德·道金斯（Richard Dawkins）','中信出版社','2018-10-00',14,'25535896-1_b_3.jpg',5,'暂定'),(209,'幽微的人性',39.8,'李玫瑾','北京联合出版有限公司','2019-04-00',14,'26918687-1_b_6.jpg',5,'暂定'),(210,'自卑与超越',30,'[奥]阿尔弗雷德·阿德勒 著，马晓佳 译','民主与建设出版社','2017-11-00',14,'25183407-1_b_1.jpg',5,'暂定'),(211,'一本书读懂法律常识',39.8,'张红军','中华工商联合出版社','2015-06-00',15,'23717161-1_b_1.jpg',5,'暂定'),(212,'中华人民共和国宪法',8,'法律出版社','法律出版社','2018-03-00',15,'25233931-1_b_6.jpg',5,'暂定'),(213,'刑法攻略.背诵版',31,'柏浪涛','中国法制出版社','2019-05-00',15,'27888785-1_b_2.jpg',5,'暂定'),(214,'国家司法考试真题2019司考历年真题全解析',98,'国家司法考试命题研究中心','复旦大学出版社','2019-05-00',15,'25065500-1_b_17.jpg',5,'暂定'),(215,'民诉法攻略·讲义卷',68,'戴鹏','中国法制出版社','2019-01-00',15,'26316407-1_b_3.jpg',5,'暂定'),(216,'中华人民共和国劳动法·实用版',20,'中国法制出版社','中国法制出版社','2018-10-00',15,'25573679-1_b_3.jpg',5,'暂定'),(217,'中华人民共和国合同法注释本',28,'法律出版社法规中心','法律出版社','2017-05-00',15,'25097608-1_b_3.jpg',5,'暂定'),(218,'刑法学（第五版 上下）',136,'张明楷 著','法律出版社','2016-07-00',15,'25285405-1_b_3.jpg',5,'暂定'),(219,'中华人民共和国公司法·实用版',26,'中国法制出版社','中国法制出版社','2017-09-00',15,'25157646-1_b_4.jpg',5,'暂定'),(220,'公司法学（修订本）',198,'朱锦清','清华大学出版社','2019-05-00',15,'27886303-1_b_1.jpg',5,'暂定'),(221,'范德萨',23,'发送到','浮点','2019-08-07',2,'1566033397495_Personal.jpg',3,'暂定'),(227,'玩玩',23,'方式','浮点','2019-08-01',2,'defaultBookPortrait.jpg',3,'暂定'),(228,'好啦',23,'方式','浮点','2019-08-01',2,'1566034623566_Personal.jpg',3,'暂定'),(229,'浮点',32,'浮点','阿凡达','2019-08-06',2,'1566034712383_Personal.jpg',2,'暂定'),(230,'修改后的',23.3,'发的','浮点','2019-08-01',2,'1566291319634_Personal.jpg',2,'暂定'),(232,'测试2_1',32,'浮点','浮点','2019-08-01',2,'defaultBookPortrait.jpg',2,'咋'),(235,'浮点2',23,'浮点','浮点','2019-08-15',2,'defaultBookPortrait.jpg',2,'浮点'),(236,'浮点1',32,'浮点','发电房','2019-08-10',2,'defaultBookPortrait.jpg',2,'暂定'),(243,'1234',23,'fdf ','fdsf ','2019-08-14',19,'1566793402559bookImage.jpg',2,'fds '),(246,'上传1',32,'范德萨','浮点','2019-08-29',19,'1566801220704bookImage.jpg',2,'浮点'),(247,'测试修改',23,'浮点','范德萨发','2019-08-16',19,'1567182290192bookImage.jpg',2,'暂定'),(248,'大幅度',333,'发送到','发送到','2019-08-31',1,'1567182510743bookImage.jpg',2,'指定');

/*Table structure for table `booktype` */

DROP TABLE IF EXISTS `booktype`;

CREATE TABLE `booktype` (
  `typeId` int(11) NOT NULL AUTO_INCREMENT COMMENT '类别编号',
  `typeName` varchar(10) NOT NULL COMMENT '类别名',
  PRIMARY KEY (`typeId`)
) ENGINE=InnoDB AUTO_INCREMENT=35 DEFAULT CHARSET=utf8;

/*Data for the table `booktype` */

insert  into `booktype`(`typeId`,`typeName`) values (1,'童书'),(2,'教辅'),(3,'小说'),(4,'文学'),(5,'传记'),(6,'成功励志'),(7,'管理'),(8,'历史'),(9,'保健养生'),(10,'考试'),(11,'科技'),(12,'电子书'),(13,'计算机'),(14,'心理学'),(15,'法律'),(19,'童书1'),(26,'浮点12'),(34,'多岁的');

/*Table structure for table `borrowing` */

DROP TABLE IF EXISTS `borrowing`;

CREATE TABLE `borrowing` (
  `borrowingId` int(11) NOT NULL AUTO_INCREMENT COMMENT '借阅编号',
  `userId` int(11) NOT NULL COMMENT '借阅用户编号',
  `bookId` int(11) NOT NULL COMMENT '被借阅图书编号',
  `borrowingTime` date NOT NULL COMMENT '借阅日期',
  `returnTime` date NOT NULL COMMENT '归还日期',
  `remarks` varchar(50) DEFAULT NULL COMMENT '备注',
  PRIMARY KEY (`borrowingId`),
  KEY `userId` (`userId`),
  KEY `bookId` (`bookId`),
  CONSTRAINT `borrowing_ibfk_1` FOREIGN KEY (`userId`) REFERENCES `user` (`userId`),
  CONSTRAINT `borrowing_ibfk_2` FOREIGN KEY (`bookId`) REFERENCES `book` (`bookId`)
) ENGINE=InnoDB AUTO_INCREMENT=65 DEFAULT CHARSET=utf8;

/*Data for the table `borrowing` */

insert  into `borrowing`(`borrowingId`,`userId`,`bookId`,`borrowingTime`,`returnTime`,`remarks`) values (2,6,55,'2019-08-05','2019-08-29',''),(3,9,69,'2019-08-05','2019-08-29',''),(4,6,12,'2019-08-05','2019-08-29',''),(6,13,106,'2019-08-05','2019-08-29',''),(7,15,126,'2019-08-05','2019-08-29',''),(8,10,23,'2019-08-05','2019-08-29',''),(30,7,1,'2019-08-29','2019-08-31','测试'),(31,7,3,'2019-08-29','2019-08-30','测试'),(32,7,5,'2019-08-29','2019-08-31','测试'),(33,7,2,'2019-08-29','2019-08-31',''),(34,7,5,'2019-08-29','2019-08-31',''),(35,7,8,'2019-08-29','2019-08-31',''),(36,7,9,'2019-08-29','2019-08-31',''),(37,7,9,'2019-08-29','2019-08-31',''),(53,72,3,'2019-08-30','2019-09-06','无邪'),(59,100,1,'2019-08-31','2019-08-30',''),(60,100,2,'2019-08-31','2019-08-16',''),(62,2,1,'2020-11-04','2020-11-12',''),(63,2,61,'2020-11-05','2020-11-06',''),(64,106,1,'2020-11-06','2020-12-24','111');

/*Table structure for table `overtime` */

DROP TABLE IF EXISTS `overtime`;

CREATE TABLE `overtime` (
  `overtimeId` int(11) NOT NULL AUTO_INCREMENT COMMENT '超时表编号',
  `bookId` int(11) NOT NULL COMMENT '图书编号',
  `userId` int(11) NOT NULL COMMENT '用户编号',
  `overtimeDay` int(11) NOT NULL COMMENT '超时天数',
  PRIMARY KEY (`overtimeId`),
  KEY `bookId` (`bookId`),
  KEY `userId` (`userId`),
  CONSTRAINT `overtime_ibfk_1` FOREIGN KEY (`bookId`) REFERENCES `book` (`bookId`),
  CONSTRAINT `overtime_ibfk_2` FOREIGN KEY (`userId`) REFERENCES `user` (`userId`)
) ENGINE=InnoDB DEFAULT CHARSET=utf8;

/*Data for the table `overtime` */

/*Table structure for table `user` */

DROP TABLE IF EXISTS `user`;

CREATE TABLE `user` (
  `userId` int(11) NOT NULL AUTO_INCREMENT COMMENT '用户编号',
  `userName` varchar(50) NOT NULL COMMENT '用户名',
  `userPwd` varchar(15) NOT NULL COMMENT '密码',
  `identity` varchar(18) NOT NULL COMMENT '身份证号码',
  `sex` int(11) NOT NULL DEFAULT '0' COMMENT '性别',
  `birthData` date DEFAULT NULL COMMENT '出生日期',
  `address` varchar(50) DEFAULT NULL COMMENT '住址',
  `phone` varchar(11) NOT NULL COMMENT '电话',
  `money` double NOT NULL DEFAULT '0' COMMENT '用户余额',
  `isMember` int(11) NOT NULL DEFAULT '0' COMMENT '用户是否会员，0:否 1:是',
  PRIMARY KEY (`userId`)
) ENGINE=InnoDB AUTO_INCREMENT=107 DEFAULT CHARSET=utf8;

/*Data for the table `user` */

insert  into `user`(`userId`,`userName`,`userPwd`,`identity`,`sex`,`birthData`,`address`,`phone`,`money`,`isMember`) values (2,'李四','a123456','431001197010166116',0,'1970-10-16','中心','13512346985',55.72,1),(3,'王五','123456','431001177010166116',0,'1770-11-10',NULL,'10568456321',0,1),(4,'王春花','123456','431001199010166116',1,'1990-01-18',NULL,'13516989863',0,1),(5,'邓先','123456','431001197910166116',0,'1979-12-16',NULL,'17314512314',0.5,0),(6,'魏延','123456','431001199010166116',0,'1990-05-16',NULL,'13613554987',60,1),(7,'刘二喜','123456','431001198010166116',0,'1980-11-11',NULL,'13713665241',0,1),(8,'程子','123456','431001199210166116',0,'1992-05-12',NULL,'13265958952',12,0),(9,'王则人','a123456','431001197210166116',0,'1972-03-10',NULL,'13713446498',0,1),(10,'李仁才','123456','431001197810166116',0,'1978-10-16',NULL,'13932654598',0,0),(11,'程瑶','123456','431001199910166116',1,'1999-11-20',NULL,'13569854654',0,1),(12,'薛晨','123456','431001198810166116',0,'1988-03-06',NULL,'12363656541',0,6),(13,'昆三','123456','431001197910166116',0,'1979-10-16',NULL,'13263253256',0,0),(14,'覅昂','123456','431001199010166116',0,'1990-12-12',NULL,'12354654569',0,0),(15,'安保','123456','431001197110166116',0,'1971-08-16',NULL,'12345625852',0,0),(16,'张思','123456','431001198910166116',1,'1989-11-08',NULL,'13623659589',0,0),(17,'林量','123456','431001197710166116',0,'1977-12-02',NULL,'12356247895',0,1),(18,'黄生','123456','431001201110166116',0,'2011-10-16',NULL,'12365236526',0,0),(19,'古风','123456','431001199710166116',0,'1997-10-15',NULL,'12358523654',0,1),(20,'冉桑','123456','431001198810166116',0,'1988-01-16',NULL,'12345698523',0,0),(21,'张一鸣','123456','431001198810166116',0,'1988-08-10',NULL,'12358956324',0,0),(22,'潘苗','123456','431001198010166116',1,'1980-10-16',NULL,'12359548952',0,1),(23,'无心','123456','431081166471516115',0,NULL,'','13713446935',0,0),(25,'王小二','123456','431081199710156156',0,'2019-07-30','','13713446493',1,1),(26,'王薇薇','123456','431081199710156156',1,'2019-07-30','中华大地','13713446345',10,1),(27,'方唐镜','123456','431081199610136116',0,'2006-02-18','星光大道','13713446436',0,0),(28,'雷豹','123456','431091166410156335',0,NULL,'','13713446495',0,0),(29,'股东','123456','431081199710156615',1,NULL,NULL,'13713446485',69,0),(30,'大小','123456','431081199610136229',0,NULL,NULL,'13713446493',1,0),(31,'得到','123456','431081199610166332',0,NULL,NULL,'13713446495',0,1),(33,'辅导费','123456','431081199710156775',0,NULL,NULL,'13713413456',0,0),(34,'张','123456','431081199712106645',0,NULL,NULL,'13713446498',0,0),(41,'古','123456','431081199710156775',0,NULL,NULL,'13713446495',0,0),(45,'zv','123456','431081199710156997',0,NULL,NULL,'13713446498',0,0),(52,'fd','123456','431081166987136445',0,NULL,NULL,'13713446498',0,0),(54,'与','123456','431081166310169986',0,NULL,NULL,'13713446496',0,0),(56,'三','123456','431081199710156889',0,NULL,NULL,'13713449486',0,0),(58,'集合','123456','431081199710165442',0,NULL,NULL,'13713446425',0,0),(60,'方式','123456','431081199751356987',0,NULL,NULL,'13713446496',0,0),(62,'发电房','123456','431081199713016884',0,NULL,NULL,'13713446496',0,0),(63,'中','123456','431081364987777',0,NULL,NULL,'13713446498',0,0),(66,'张蛋','a123456','431081166810156334',0,NULL,NULL,'13713446498',0,0),(67,'张全蛋','a123456','431081199310136112',0,NULL,NULL,'13713446498',0,0),(68,'张全蛋是','a123456','431081199410136008',0,NULL,NULL,'13713446498',0,1),(69,'发电房啊','a123456','431081133610156335',0,'2019-08-31',NULL,'13713446498',0,0),(70,'发电房浮点发','a123456','431081199310136331',0,NULL,NULL,'13713446498',0,0),(71,'张潇','a1234567','431081199610132556',1,NULL,'暂无','13713446492',40,1),(72,'无邪','a123456','431081133612016446',0,NULL,'暂无','13713446495',41,1),(75,'发的发的说法','a123456','431081199710136110',0,'2019-08-28','','13713446436',0,0),(77,'啧啧','a123456','431021166310176332',0,NULL,NULL,'13713446498',0,0),(79,'作者','a123456','431083166019410335',0,'2019-08-09','暂无','13713446498',0,0),(99,'张三1','a123456','431091133115016115',0,'2019-08-10','暂无','13713446498',0,0),(100,'作者1','a123456','431081199610146005',0,'2019-08-31','只能','13713446498',1.1999999999999993,1),(101,'张三是是是','a123456','431081199710136330',0,NULL,'暂无','13713446498',0,0),(102,'张三4','a123456','431061133810165336',0,NULL,'暂无','13713446495',0,0),(103,'张晓峰','a123456','431081199310146335',1,'2019-09-01','中心花园','13713446498',0,0),(104,'张三四位','a123456','431061133610156332',1,'2019-07-19','暂无','13713446498',10,1),(105,'小鹏','a123458','431089199316015005',0,NULL,'暂无','13713446498',0,0),(106,'admin','caoguangfu123','511304200112151110',0,'2020-11-05','东莞','18282096879',1928,0);

/*!40101 SET SQL_MODE=@OLD_SQL_MODE */;
/*!40014 SET FOREIGN_KEY_CHECKS=@OLD_FOREIGN_KEY_CHECKS */;
/*!40014 SET UNIQUE_CHECKS=@OLD_UNIQUE_CHECKS */;
/*!40111 SET SQL_NOTES=@OLD_SQL_NOTES */;
